model,train_r2,test_r2,rmse,mae
Linear Regression,1.0,-19.611210805779248,47.57400097987111,40.934600319705844
Random Forest,0.8456019045252194,-3.7600340091523163,22.862459672371983,19.9069166666667
